prophage_id	year	sample_id	amr_carrying	length_bp	original_id
2021_SRR13826913_NODE_10_length_205422_cov_30.617039	2021	SRR13826913	yes	205422	NODE_10_length_205422_cov_30.617039
2021_SRR14568782_NODE_15_length_140154_cov_15.541167_fragment_1	2021	SRR14568782	yes	127140	NODE_15_length_140154_cov_15.541167_fragment_1
2021_SRR14098021_NODE_4_length_201328_cov_8.485823_fragment_3	2021	SRR14098021	yes	125608	NODE_4_length_201328_cov_8.485823_fragment_3
2021_SRR16574913_NODE_2_length_431222_cov_29.530144_fragment_2	2021	SRR16574913	yes	121656	NODE_2_length_431222_cov_29.530144_fragment_2
2021_SRR15988971_NODE_17_length_112371_cov_13.562623	2021	SRR15988971	yes	112371	NODE_17_length_112371_cov_13.562623
2021_SRR13380765_NODE_18_length_112371_cov_16.659964	2021	SRR13380765	yes	112371	NODE_18_length_112371_cov_16.659964
2021_SRR16356433_NODE_12_length_112242_cov_14.256638	2021	SRR16356433	yes	112242	NODE_12_length_112242_cov_14.256638
2021_SRR13867138_NODE_15_length_112114_cov_9.297633	2021	SRR13867138	yes	112114	NODE_15_length_112114_cov_9.297633
2021_SRR13694419_NODE_14_length_111985_cov_17.556268	2021	SRR13694419	yes	111985	NODE_14_length_111985_cov_17.556268
2021_SRR14154183_NODE_12_length_111970_cov_21.363402	2021	SRR14154183	yes	111970	NODE_12_length_111970_cov_21.363402
2021_SRR14679041_NODE_14_length_111906_cov_15.843531	2021	SRR14679041	yes	111906	NODE_14_length_111906_cov_15.843531
2021_SRR17157299_NODE_16_length_111628_cov_35.142627	2021	SRR17157299	yes	111628	NODE_16_length_111628_cov_35.142627
2021_SRR14769240_NODE_14_length_111306_cov_22.300201	2021	SRR14769240	yes	111306	NODE_14_length_111306_cov_22.300201
2021_SRR14326160_NODE_15_length_111074_cov_21.979936	2021	SRR14326160	yes	111074	NODE_15_length_111074_cov_21.979936
2021_SRR16918963_NODE_18_length_111032_cov_35.902827	2021	SRR16918963	yes	111032	NODE_18_length_111032_cov_35.902827
2021_SRR13628053_NODE_16_length_110802_cov_83.798545	2021	SRR13628053	yes	110802	NODE_16_length_110802_cov_83.798545
2021_SRR17263741_NODE_12_length_110772_cov_44.836703	2021	SRR17263741	yes	110772	NODE_12_length_110772_cov_44.836703
2021_SRR15680675_NODE_16_length_110710_cov_14.723936	2021	SRR15680675	yes	110710	NODE_16_length_110710_cov_14.723936
2021_SRR13719152_NODE_13_length_159345_cov_21.928965_fragment_1	2021	SRR13719152	yes	110708	NODE_13_length_159345_cov_21.928965_fragment_1
2021_SRR15209002_NODE_17_length_110704_cov_5.739449	2021	SRR15209002	yes	110704	NODE_17_length_110704_cov_5.739449
2021_SRR13379971_NODE_12_length_110688_cov_9.028247	2021	SRR13379971	yes	110688	NODE_12_length_110688_cov_9.028247
2021_SRR17073955_NODE_14_length_110644_cov_22.664178	2021	SRR17073955	yes	110644	NODE_14_length_110644_cov_22.664178
2021_SRR14407454_NODE_14_length_110317_cov_29.008032	2021	SRR14407454	yes	110317	NODE_14_length_110317_cov_29.008032
2021_SRR16976077_NODE_14_length_110267_cov_18.773936	2021	SRR16976077	yes	110267	NODE_14_length_110267_cov_18.773936
2021_SRR14351968_NODE_16_length_109944_cov_43.015535	2021	SRR14351968	yes	109944	NODE_16_length_109944_cov_43.015535
2021_SRR15249471_NODE_13_length_109729_cov_9.075619	2021	SRR15249471	yes	109729	NODE_13_length_109729_cov_9.075619
2021_SRR13695274_NODE_13_length_109725_cov_32.478740	2021	SRR13695274	yes	109725	NODE_13_length_109725_cov_32.478740
2021_SRR13697430_NODE_14_length_109593_cov_43.144200	2021	SRR13697430	yes	109593	NODE_14_length_109593_cov_43.144200
2021_SRR14097994_NODE_19_length_109551_cov_10.614545	2021	SRR14097994	yes	109551	NODE_19_length_109551_cov_10.614545
2021_SRR16930597_NODE_19_length_109532_cov_25.483534	2021	SRR16930597	yes	109532	NODE_19_length_109532_cov_25.483534
2021_SRR15420327_NODE_18_length_109311_cov_13.925154	2021	SRR15420327	yes	109311	NODE_18_length_109311_cov_13.925154
2021_SRR16599573_NODE_16_length_109307_cov_34.376406	2021	SRR16599573	yes	109307	NODE_16_length_109307_cov_34.376406
2021_SRR13928117_NODE_15_length_109282_cov_10.888993	2021	SRR13928117	yes	109282	NODE_15_length_109282_cov_10.888993
2021_SRR14752839_NODE_19_length_109009_cov_8.130729	2021	SRR14752839	yes	109009	NODE_19_length_109009_cov_8.130729
2021_SRR14568782_NODE_17_length_108860_cov_16.360829	2021	SRR14568782	yes	108860	NODE_17_length_108860_cov_16.360829
2021_SRR14407178_NODE_12_length_108844_cov_25.206729	2021	SRR14407178	yes	108844	NODE_12_length_108844_cov_25.206729
2021_SRR15972743_NODE_11_length_108844_cov_26.837624	2021	SRR15972743	yes	108844	NODE_11_length_108844_cov_26.837624
2021_SRR17308412_NODE_20_length_108776_cov_11.258962	2021	SRR17308412	yes	108776	NODE_20_length_108776_cov_11.258962
2021_SRR16643711_NODE_14_length_106830_cov_9.571512	2021	SRR16643711	yes	106830	NODE_14_length_106830_cov_9.571512
2021_SRR14129403_NODE_16_length_106751_cov_22.862329	2021	SRR14129403	yes	106751	NODE_16_length_106751_cov_22.862329
2021_SRR15420331_NODE_19_length_105020_cov_8.384211	2021	SRR15420331	yes	105020	NODE_19_length_105020_cov_8.384211
2021_SRR14773379_NODE_16_length_103834_cov_10.893199	2021	SRR14773379	yes	103834	NODE_16_length_103834_cov_10.893199
2021_SRR17157297_NODE_17_length_99030_cov_37.413112	2021	SRR17157297	yes	99030	NODE_17_length_99030_cov_37.413112
2021_SRR14434347_NODE_19_length_96698_cov_15.207236	2021	SRR14434347	yes	96698	NODE_19_length_96698_cov_15.207236
2021_SRR14129403_NODE_21_length_95984_cov_21.352932	2021	SRR14129403	yes	95984	NODE_21_length_95984_cov_21.352932
2021_SRR14633198_NODE_19_length_95557_cov_27.148879	2021	SRR14633198	yes	95557	NODE_19_length_95557_cov_27.148879
2021_SRR17263741_NODE_16_length_94509_cov_41.805715	2021	SRR17263741	yes	94509	NODE_16_length_94509_cov_41.805715
2021_SRR16093195_NODE_17_length_93251_cov_22.928944	2021	SRR16093195	yes	93251	NODE_17_length_93251_cov_22.928944
2021_SRR16599573_NODE_22_length_92076_cov_32.224429	2021	SRR16599573	yes	92076	NODE_22_length_92076_cov_32.224429
2021_SRR14250543_NODE_3_length_388161_cov_67.545310_fragment_2	2021	SRR14250543	yes	89945	NODE_3_length_388161_cov_67.545310_fragment_2
2021_SRR15680675_NODE_19_length_88667_cov_15.333420	2021	SRR15680675	yes	88667	NODE_19_length_88667_cov_15.333420
2021_SRR14407154_NODE_28_length_79141_cov_22.043030	2021	SRR14407154	yes	79141	NODE_28_length_79141_cov_22.043030
2021_SRR13931703_NODE_28_length_63735_cov_25.783266	2021	SRR13931703	yes	63735	NODE_28_length_63735_cov_25.783266
2021_SRR14275796_NODE_25_length_63310_cov_12.885808	2021	SRR14275796	yes	63310	NODE_25_length_63310_cov_12.885808
2021_SRR16093202_NODE_24_length_63310_cov_17.772882	2021	SRR16093202	yes	63310	NODE_24_length_63310_cov_17.772882
2021_SRR14789572_NODE_24_length_59278_cov_3.784294	2021	SRR14789572	yes	59278	NODE_24_length_59278_cov_3.784294
2021_SRR15680675_NODE_15_length_135208_cov_23.567060_fragment_1	2021	SRR15680675	yes	59221	NODE_15_length_135208_cov_23.567060_fragment_1
2021_SRR16574913_NODE_7_length_252892_cov_38.234614_fragment_1	2021	SRR16574913	yes	57437	NODE_7_length_252892_cov_38.234614_fragment_1
2021_SRR17073955_NODE_9_length_142807_cov_19.318265_fragment_1	2021	SRR17073955	yes	57165	NODE_9_length_142807_cov_19.318265_fragment_1
2021_SRR13694419_NODE_11_length_124563_cov_29.845189_fragment_2	2021	SRR13694419	yes	53824	NODE_11_length_124563_cov_29.845189_fragment_2
2021_SRR14097980_NODE_18_length_98085_cov_5.684497_fragment_1	2021	SRR14097980	yes	53765	NODE_18_length_98085_cov_5.684497_fragment_1
2021_SRR16918963_NODE_5_length_278277_cov_23.843426_fragment_2	2021	SRR16918963	yes	53733	NODE_5_length_278277_cov_23.843426_fragment_2
2021_SRR15209002_NODE_6_length_227941_cov_37.300688_fragment_1	2021	SRR15209002	yes	53625	NODE_6_length_227941_cov_37.300688_fragment_1
2021_SRR16930597_NODE_12_length_158795_cov_32.875879_fragment_1	2021	SRR16930597	yes	53271	NODE_12_length_158795_cov_32.875879_fragment_1
2021_SRR16930597_NODE_2_length_399773_cov_37.130778_fragment_1	2021	SRR16930597	yes	53050	NODE_2_length_399773_cov_37.130778_fragment_1
2021_SRR16356433_NODE_2_length_651496_cov_25.454936_fragment_2	2021	SRR16356433	yes	52274	NODE_2_length_651496_cov_25.454936_fragment_2
2021_SRR16323481_NODE_3_length_261580_cov_24.708062_fragment_3	2021	SRR16323481	yes	51379	NODE_3_length_261580_cov_24.708062_fragment_3
2021_SRR13931701_NODE_37_length_50495_cov_13.244084	2021	SRR13931701	yes	50495	NODE_37_length_50495_cov_13.244084
2021_SRR14760151_NODE_35_length_49899_cov_55.377441	2021	SRR14760151	yes	49899	NODE_35_length_49899_cov_55.377441
2021_SRR14760151_NODE_36_length_49581_cov_53.642112	2021	SRR14760151	yes	49581	NODE_36_length_49581_cov_53.642112
2021_SRR14633198_NODE_1_length_661472_cov_43.162387_fragment_4	2021	SRR14633198	yes	49460	NODE_1_length_661472_cov_43.162387_fragment_4
2021_SRR13697495_NODE_4_length_286286_cov_30.996848_fragment_1	2021	SRR13697495	yes	49098	NODE_4_length_286286_cov_30.996848_fragment_1
2021_SRR15972743_NODE_7_length_346979_cov_22.412467_fragment_1	2021	SRR15972743	yes	49097	NODE_7_length_346979_cov_22.412467_fragment_1
2021_SRR14568782_NODE_7_length_242351_cov_18.041478_fragment_1	2021	SRR14568782	yes	48365	NODE_7_length_242351_cov_18.041478_fragment_1
2021_SRR13931703_NODE_37_length_48053_cov_24.457476	2021	SRR13931703	yes	48053	NODE_37_length_48053_cov_24.457476
2021_SRR16930597_NODE_1_length_668217_cov_33.879322_fragment_1	2021	SRR16930597	yes	47859	NODE_1_length_668217_cov_33.879322_fragment_1
2021_SRR15209027_NODE_31_length_47816_cov_11.768889	2021	SRR15209027	yes	47816	NODE_31_length_47816_cov_11.768889
2021_SRR13380765_NODE_1_length_613325_cov_27.189683_fragment_2	2021	SRR13380765	yes	47504	NODE_1_length_613325_cov_27.189683_fragment_2
2021_SRR14407178_NODE_6_length_257306_cov_24.859363_fragment_1	2021	SRR14407178	yes	47378	NODE_6_length_257306_cov_24.859363_fragment_1
2021_SRR15209027_NODE_32_length_47234_cov_11.620205	2021	SRR15209027	yes	47234	NODE_32_length_47234_cov_11.620205
2021_SRR13931701_NODE_30_length_66531_cov_13.034531_fragment_1	2021	SRR13931701	yes	46831	NODE_30_length_66531_cov_13.034531_fragment_1
2021_SRR15420331_NODE_32_length_46742_cov_15.530966	2021	SRR15420331	yes	46742	NODE_32_length_46742_cov_15.530966
2021_SRR14679030_NODE_14_length_117787_cov_49.411049_fragment_1	2021	SRR14679030	yes	46697	NODE_14_length_117787_cov_49.411049_fragment_1
2021_SRR14407178_NODE_4_length_484120_cov_26.544204_fragment_4	2021	SRR14407178	yes	46627	NODE_4_length_484120_cov_26.544204_fragment_4
2021_SRR15972743_NODE_4_length_472051_cov_23.192311_fragment_3	2021	SRR15972743	yes	46627	NODE_4_length_472051_cov_23.192311_fragment_3
2021_SRR14097994_NODE_36_length_46526_cov_9.365029	2021	SRR14097994	yes	46526	NODE_36_length_46526_cov_9.365029
2021_SRR14097980_NODE_8_length_140113_cov_16.933336_fragment_1	2021	SRR14097980	yes	46445	NODE_8_length_140113_cov_16.933336_fragment_1
2021_SRR14568782_NODE_21_length_73209_cov_19.213336_fragment_1	2021	SRR14568782	yes	45938	NODE_21_length_73209_cov_19.213336_fragment_1
2021_SRR13379971_NODE_4_length_400253_cov_36.148081_fragment_1	2021	SRR13379971	yes	45887	NODE_4_length_400253_cov_36.148081_fragment_1
2021_SRR15209002_NODE_6_length_227941_cov_37.300688_fragment_2	2021	SRR15209002	yes	45771	NODE_6_length_227941_cov_37.300688_fragment_2
2021_SRR13380765_NODE_16_length_123138_cov_26.512369_fragment_1	2021	SRR13380765	yes	45363	NODE_16_length_123138_cov_26.512369_fragment_1
2021_SRR17157297_NODE_2_length_382325_cov_23.789902_fragment_2	2021	SRR17157297	yes	45255	NODE_2_length_382325_cov_23.789902_fragment_2
2021_SRR13628053_NODE_21_length_76998_cov_46.286064_fragment_1	2021	SRR13628053	yes	45218	NODE_21_length_76998_cov_46.286064_fragment_1
2021_SRR15420331_NODE_13_length_132215_cov_16.240839_fragment_1	2021	SRR15420331	yes	45136	NODE_13_length_132215_cov_16.240839_fragment_1
2021_SRR16918963_NODE_19_length_109139_cov_24.405405_fragment_1	2021	SRR16918963	yes	44921	NODE_19_length_109139_cov_24.405405_fragment_1
2021_SRR14326160_NODE_1_length_701185_cov_23.104573_fragment_2	2021	SRR14326160	yes	44885	NODE_1_length_701185_cov_23.104573_fragment_2
2021_SRR11487640_NODE_1_length_320049_cov_62.532202_fragment_2	2021	SRR11487640	yes	44810	NODE_1_length_320049_cov_62.532202_fragment_2
2021_SRR17157297_NODE_2_length_382325_cov_23.789902_fragment_1	2021	SRR17157297	yes	44671	NODE_2_length_382325_cov_23.789902_fragment_1
2021_SRR14633198_NODE_6_length_165347_cov_38.718515_fragment_1	2021	SRR14633198	yes	44653	NODE_6_length_165347_cov_38.718515_fragment_1
2021_SRR13379971_NODE_1_length_763335_cov_31.429891_fragment_1	2021	SRR13379971	yes	44548	NODE_1_length_763335_cov_31.429891_fragment_1
2022_SRR19656627_NODE_1_length_712022_cov_24.958997_fragment_1	2022	SRR19656627	yes	168065	NODE_1_length_712022_cov_24.958997_fragment_1
2022_SRR19608333_NODE_1_length_627752_cov_24.265389_fragment_1	2022	SRR19608333	yes	123657	NODE_1_length_627752_cov_24.265389_fragment_1
2022_SRR18653323_NODE_1_length_292988_cov_40.579756_fragment_2	2022	SRR18653323	yes	122385	NODE_1_length_292988_cov_40.579756_fragment_2
2022_SRR19347950_NODE_11_length_120320_cov_65.494430	2022	SRR19347950	yes	120320	NODE_11_length_120320_cov_65.494430
2022_SRR17682530_NODE_14_length_170472_cov_14.078681_fragment_1	2022	SRR17682530	yes	117189	NODE_14_length_170472_cov_14.078681_fragment_1
2022_SRR17682458_NODE_16_length_116488_cov_36.982185	2022	SRR17682458	yes	116488	NODE_16_length_116488_cov_36.982185
2022_SRR18264215_NODE_6_length_289460_cov_10.185731_fragment_1	2022	SRR18264215	yes	114785	NODE_6_length_289460_cov_10.185731_fragment_1
2022_SRR19411251_NODE_17_length_112956_cov_8.176667	2022	SRR19411251	yes	112956	NODE_17_length_112956_cov_8.176667
2022_SRR17428580_NODE_20_length_112370_cov_8.719225	2022	SRR17428580	yes	112370	NODE_20_length_112370_cov_8.719225
2022_SRR17682454_NODE_13_length_112108_cov_13.404979	2022	SRR17682454	yes	112108	NODE_13_length_112108_cov_13.404979
2022_SRR19656611_NODE_12_length_112108_cov_14.083791	2022	SRR19656611	yes	112108	NODE_12_length_112108_cov_14.083791
2022_SRR18489991_NODE_17_length_112108_cov_39.410677	2022	SRR18489991	yes	112108	NODE_17_length_112108_cov_39.410677
2022_SRR19608343_NODE_13_length_112108_cov_10.665077	2022	SRR19608343	yes	112108	NODE_13_length_112108_cov_10.665077
2022_SRR20754563_NODE_15_length_112065_cov_53.434991	2022	SRR20754563	yes	112065	NODE_15_length_112065_cov_53.434991
2022_SRR18073232_NODE_19_length_111432_cov_67.822263	2022	SRR18073232	yes	111432	NODE_19_length_111432_cov_67.822263
2022_SRR18171714_NODE_21_length_111105_cov_31.865469	2022	SRR18171714	yes	111105	NODE_21_length_111105_cov_31.865469
2022_SRR19347955_NODE_18_length_111032_cov_27.324773	2022	SRR19347955	yes	111032	NODE_18_length_111032_cov_27.324773
2022_SRR22793129_NODE_14_length_110924_cov_13.283681	2022	SRR22793129	yes	110924	NODE_14_length_110924_cov_13.283681
2022_SRR21926364_NODE_18_length_110768_cov_32.695693	2022	SRR21926364	yes	110768	NODE_18_length_110768_cov_32.695693
2022_SRR19421264_NODE_12_length_110317_cov_57.405191	2022	SRR19421264	yes	110317	NODE_12_length_110317_cov_57.405191
2022_SRR20069365_NODE_12_length_110317_cov_8.342082	2022	SRR20069365	yes	110317	NODE_12_length_110317_cov_8.342082
2022_SRR20017290_NODE_15_length_110317_cov_19.575942	2022	SRR20017290	yes	110317	NODE_15_length_110317_cov_19.575942
2022_SRR18332220_NODE_16_length_110267_cov_17.462211	2022	SRR18332220	yes	110267	NODE_16_length_110267_cov_17.462211
2022_SRR21459842_NODE_15_length_110267_cov_24.027843	2022	SRR21459842	yes	110267	NODE_15_length_110267_cov_24.027843
2022_SRR21504695_NODE_10_length_110145_cov_9.879947	2022	SRR21504695	yes	110145	NODE_10_length_110145_cov_9.879947
2022_SRR21426927_NODE_16_length_110109_cov_23.414798	2022	SRR21426927	yes	110109	NODE_16_length_110109_cov_23.414798
2022_SRR18425563_NODE_16_length_109873_cov_17.567766	2022	SRR18425563	yes	109873	NODE_16_length_109873_cov_17.567766
2022_SRR19676464_NODE_20_length_109701_cov_60.729881	2022	SRR19676464	yes	109701	NODE_20_length_109701_cov_60.729881
2022_SRR18061909_NODE_14_length_109593_cov_10.125217	2022	SRR18061909	yes	109593	NODE_14_length_109593_cov_10.125217
2022_SRR18044747_NODE_18_length_109311_cov_13.586872	2022	SRR18044747	yes	109311	NODE_18_length_109311_cov_13.586872
2022_SRR19148494_NODE_14_length_108887_cov_14.664279	2022	SRR19148494	yes	108887	NODE_14_length_108887_cov_14.664279
2022_SRR22247139_NODE_16_length_108816_cov_9.663793	2022	SRR22247139	yes	108816	NODE_16_length_108816_cov_9.663793
2022_SRR19688193_NODE_2_length_607654_cov_22.078892_fragment_3	2022	SRR19688193	yes	108735	NODE_2_length_607654_cov_22.078892_fragment_3
2022_SRR19512980_NODE_16_length_108593_cov_76.183274	2022	SRR19512980	yes	108593	NODE_16_length_108593_cov_76.183274
2022_SRR21220049_NODE_20_length_107897_cov_10.028728	2022	SRR21220049	yes	107897	NODE_20_length_107897_cov_10.028728
2022_SRR22543448_NODE_18_length_105338_cov_18.377546	2022	SRR22543448	yes	105338	NODE_18_length_105338_cov_18.377546
2022_SRR18099471_NODE_14_length_104733_cov_13.960193	2022	SRR18099471	yes	104733	NODE_14_length_104733_cov_13.960193
2022_SRR19908634_NODE_16_length_104628_cov_7.582530	2022	SRR19908634	yes	104628	NODE_16_length_104628_cov_7.582530
2022_SRR20114948_NODE_16_length_104628_cov_7.219596	2022	SRR20114948	yes	104628	NODE_16_length_104628_cov_7.219596
2022_SRR18649760_NODE_15_length_103897_cov_19.083791	2022	SRR18649760	yes	103897	NODE_15_length_103897_cov_19.083791
2022_SRR20753691_NODE_10_length_101831_cov_28.200828	2022	SRR20753691	yes	101831	NODE_10_length_101831_cov_28.200828
2022_SRR22666477_NODE_19_length_95557_cov_48.701351	2022	SRR22666477	yes	95557	NODE_19_length_95557_cov_48.701351
2022_SRR20698468_NODE_16_length_94548_cov_16.656104	2022	SRR20698468	yes	94548	NODE_16_length_94548_cov_16.656104
2022_SRR18425569_NODE_14_length_108551_cov_46.261686_fragment_2	2022	SRR18425569	yes	92207	NODE_14_length_108551_cov_46.261686_fragment_2
2022_SRR21531030_NODE_24_length_91853_cov_17.353248	2022	SRR21531030	yes	91853	NODE_24_length_91853_cov_17.353248
2022_SRR17682479_NODE_16_length_111581_cov_15.287365_fragment_2	2022	SRR17682479	yes	89945	NODE_16_length_111581_cov_15.287365_fragment_2
2022_SRR17535676_NODE_16_length_101939_cov_46.637155_fragment_1	2022	SRR17535676	yes	89560	NODE_16_length_101939_cov_46.637155_fragment_1
2022_SRR18583982_NODE_18_length_101939_cov_39.999686_fragment_1	2022	SRR18583982	yes	89560	NODE_18_length_101939_cov_39.999686_fragment_1
2022_SRR19347944_NODE_25_length_86263_cov_52.507279	2022	SRR19347944	yes	86263	NODE_25_length_86263_cov_52.507279
2022_SRR22666521_NODE_16_length_108254_cov_64.267959_fragment_2	2022	SRR22666521	yes	84968	NODE_16_length_108254_cov_64.267959_fragment_2
2022_SRR17682513_NODE_21_length_83630_cov_11.575416	2022	SRR17682513	yes	83630	NODE_21_length_83630_cov_11.575416
2022_SRR17682464_NODE_22_length_83169_cov_10.889743	2022	SRR17682464	yes	83169	NODE_22_length_83169_cov_10.889743
2022_SRR17886400_NODE_20_length_82556_cov_19.590144	2022	SRR17886400	yes	82556	NODE_20_length_82556_cov_19.590144
2022_SRR17428580_NODE_28_length_81060_cov_8.771984	2022	SRR17428580	yes	81060	NODE_28_length_81060_cov_8.771984
2022_SRR21426794_NODE_29_length_76763_cov_22.079441	2022	SRR21426794	yes	76763	NODE_29_length_76763_cov_22.079441
2022_SRR21459823_NODE_29_length_76418_cov_18.890098	2022	SRR21459823	yes	76418	NODE_29_length_76418_cov_18.890098
2022_SRR22247139_NODE_14_length_124357_cov_12.041890_fragment_1	2022	SRR22247139	yes	71549	NODE_14_length_124357_cov_12.041890_fragment_1
2022_SRR19549300_NODE_20_length_70453_cov_5.391582	2022	SRR19549300	yes	70453	NODE_20_length_70453_cov_5.391582
2022_SRR21491205_NODE_21_length_70140_cov_7.352763	2022	SRR21491205	yes	70140	NODE_21_length_70140_cov_7.352763
2022_SRR19221711_NODE_28_length_70046_cov_11.500307	2022	SRR19221711	yes	70046	NODE_28_length_70046_cov_11.500307
2022_SRR18230461_NODE_15_length_108720_cov_77.900122_fragment_1	2022	SRR18230461	yes	70037	NODE_15_length_108720_cov_77.900122_fragment_1
2022_SRR21919602_NODE_15_length_78863_cov_23.824347_fragment_1	2022	SRR21919602	yes	69976	NODE_15_length_78863_cov_23.824347_fragment_1
2022_SRR21531030_NODE_30_length_68282_cov_13.615362	2022	SRR21531030	yes	68282	NODE_30_length_68282_cov_13.615362
2022_SRR18469619_NODE_20_length_88792_cov_21.108690_fragment_1	2022	SRR18469619	yes	65379	NODE_20_length_88792_cov_21.108690_fragment_1
2022_SRR21225688_NODE_28_length_63585_cov_14.242160	2022	SRR21225688	yes	63585	NODE_28_length_63585_cov_14.242160
2022_SRR19549300_NODE_13_length_118477_cov_24.241546_fragment_2	2022	SRR19549300	yes	62618	NODE_13_length_118477_cov_24.241546_fragment_2
2022_SRR17845095_NODE_23_length_60120_cov_6.387829	2022	SRR17845095	yes	60120	NODE_23_length_60120_cov_6.387829
2022_SRR18230458_NODE_31_length_59896_cov_69.860931	2022	SRR18230458	yes	59896	NODE_31_length_59896_cov_69.860931
2022_SRR17682530_NODE_16_length_135209_cov_20.261597_fragment_1	2022	SRR17682530	yes	59222	NODE_16_length_135209_cov_20.261597_fragment_1
2022_SRR20698468_NODE_37_length_57687_cov_16.684573	2022	SRR20698468	yes	57687	NODE_37_length_57687_cov_16.684573
2022_SRR21197688_NODE_16_length_110962_cov_6.775840_fragment_2	2022	SRR21197688	yes	54821	NODE_16_length_110962_cov_6.775840_fragment_2
2022_SRR17682464_NODE_7_length_232071_cov_17.357220_fragment_1	2022	SRR17682464	yes	54711	NODE_7_length_232071_cov_17.357220_fragment_1
2022_SRR21197688_NODE_7_length_218253_cov_34.186560_fragment_1	2022	SRR21197688	yes	54709	NODE_7_length_218253_cov_34.186560_fragment_1
2022_SRR18073232_NODE_15_length_138236_cov_125.856867_fragment_1	2022	SRR18073232	yes	54331	NODE_15_length_138236_cov_125.856867_fragment_1
2022_SRR20962886_NODE_37_length_53585_cov_11.442590	2022	SRR20962886	yes	53585	NODE_37_length_53585_cov_11.442590
2022_SRR17682454_NODE_2_length_737290_cov_20.544367_fragment_2	2022	SRR17682454	yes	52442	NODE_2_length_737290_cov_20.544367_fragment_2
2022_SRR18489991_NODE_1_length_396963_cov_39.534596_fragment_2	2022	SRR18489991	yes	52442	NODE_1_length_396963_cov_39.534596_fragment_2
2022_SRR19676464_NODE_13_length_136333_cov_78.733925_fragment_1	2022	SRR19676464	yes	52034	NODE_13_length_136333_cov_78.733925_fragment_1
2022_SRR18171714_NODE_14_length_134813_cov_30.261601_fragment_1	2022	SRR18171714	yes	51289	NODE_14_length_134813_cov_30.261601_fragment_1
2022_SRR17886397_NODE_31_length_50504_cov_29.577605	2022	SRR17886397	yes	50504	NODE_31_length_50504_cov_29.577605
2022_SRR21220049_NODE_2_length_461930_cov_16.392297_fragment_2	2022	SRR21220049	yes	50325	NODE_2_length_461930_cov_16.392297_fragment_2
2022_SRR22741509_NODE_34_length_49581_cov_14.530675	2022	SRR22741509	yes	49581	NODE_34_length_49581_cov_14.530675
2022_SRR21607988_NODE_36_length_49204_cov_22.168918	2022	SRR21607988	yes	49204	NODE_36_length_49204_cov_22.168918
2022_SRR20962886_NODE_42_length_48775_cov_10.820959	2022	SRR20962886	yes	48775	NODE_42_length_48775_cov_10.820959
2022_SRR22666477_NODE_12_length_135818_cov_84.476960_fragment_1	2022	SRR22666477	yes	48690	NODE_12_length_135818_cov_84.476960_fragment_1
2022_SRR21459823_NODE_34_length_48464_cov_20.936863	2022	SRR21459823	yes	48464	NODE_34_length_48464_cov_20.936863
2022_SRR21197688_NODE_16_length_110962_cov_6.775840_fragment_1	2022	SRR21197688	yes	48275	NODE_16_length_110962_cov_6.775840_fragment_1
2022_SRR17682530_NODE_25_length_48258_cov_12.368723	2022	SRR17682530	yes	48258	NODE_25_length_48258_cov_12.368723
2022_SRR18073232_NODE_27_length_48077_cov_96.478853	2022	SRR18073232	yes	48077	NODE_27_length_48077_cov_96.478853
2022_SRR18649763_NODE_32_length_47839_cov_14.228727	2022	SRR18649763	yes	47839	NODE_32_length_47839_cov_14.228727
2022_SRR17682480_NODE_1_length_713801_cov_21.894023_fragment_1	2022	SRR17682480	yes	47787	NODE_1_length_713801_cov_21.894023_fragment_1
2022_SRR18189589_NODE_22_length_85709_cov_23.384333_fragment_1	2022	SRR18189589	yes	47768	NODE_22_length_85709_cov_23.384333_fragment_1
2022_SRR22741509_NODE_36_length_47645_cov_12.276758	2022	SRR22741509	yes	47645	NODE_36_length_47645_cov_12.276758
2022_SRR21531030_NODE_7_length_184340_cov_33.695011_fragment_1	2022	SRR21531030	yes	47521	NODE_7_length_184340_cov_33.695011_fragment_1
2022_SRR18425563_NODE_22_length_71939_cov_36.953239_fragment_1	2022	SRR18425563	yes	47364	NODE_22_length_71939_cov_36.953239_fragment_1
2022_SRR21220049_NODE_5_length_238903_cov_16.116905_fragment_1	2022	SRR21220049	yes	47290	NODE_5_length_238903_cov_16.116905_fragment_1
2022_SRR19512980_NODE_1_length_547807_cov_83.659648_fragment_1	2022	SRR19512980	yes	46985	NODE_1_length_547807_cov_83.659648_fragment_1
2022_SRR17839073_NODE_17_length_117794_cov_21.981813_fragment_1	2022	SRR17839073	yes	46704	NODE_17_length_117794_cov_21.981813_fragment_1
2022_SRR18099471_NODE_18_length_46573_cov_41.507708	2022	SRR18099471	yes	46573	NODE_18_length_46573_cov_41.507708
2022_SRR19549300_NODE_22_length_46303_cov_8.534093	2022	SRR19549300	yes	46303	NODE_22_length_46303_cov_8.534093
2023_SRR23701015_NODE_19_length_113725_cov_10.679818	2023	SRR23701015	yes	113725	NODE_19_length_113725_cov_10.679818
2023_SRR25553989_NODE_16_length_112969_cov_5.739725	2023	SRR25553989	yes	112969	NODE_16_length_112969_cov_5.739725
2023_SRR24401747_NODE_16_length_112583_cov_35.756484	2023	SRR24401747	yes	112583	NODE_16_length_112583_cov_35.756484
2023_SRR24082548_NODE_18_length_112380_cov_7.802953	2023	SRR24082548	yes	112380	NODE_18_length_112380_cov_7.802953
2023_SRR26043622_NODE_13_length_112287_cov_19.257944	2023	SRR26043622	yes	112287	NODE_13_length_112287_cov_19.257944
2023_SRR24001362_NODE_14_length_112138_cov_37.012252	2023	SRR24001362	yes	112138	NODE_14_length_112138_cov_37.012252
2023_SRR24154347_NODE_14_length_112108_cov_20.308356	2023	SRR24154347	yes	112108	NODE_14_length_112108_cov_20.308356
2023_SRR24316119_NODE_12_length_112108_cov_31.403426	2023	SRR24316119	yes	112108	NODE_12_length_112108_cov_31.403426
2023_SRR26375619_NODE_14_length_112108_cov_10.436619	2023	SRR26375619	yes	112108	NODE_14_length_112108_cov_10.436619
2023_SRR23874470_NODE_14_length_112108_cov_32.751020	2023	SRR23874470	yes	112108	NODE_14_length_112108_cov_32.751020
2023_SRR25074711_NODE_12_length_112108_cov_7.924282	2023	SRR25074711	yes	112108	NODE_12_length_112108_cov_7.924282
2023_SRR25944690_NODE_12_length_112108_cov_22.705772	2023	SRR25944690	yes	112108	NODE_12_length_112108_cov_22.705772
2023_SRR23794804_NODE_16_length_112031_cov_182.988192	2023	SRR23794804	yes	112031	NODE_16_length_112031_cov_182.988192
2023_SRR25945543_NODE_14_length_112031_cov_185.532460	2023	SRR25945543	yes	112031	NODE_14_length_112031_cov_185.532460
2023_SRR25038618_NODE_16_length_111946_cov_12.456311	2023	SRR25038618	yes	111946	NODE_16_length_111946_cov_12.456311
2023_SRR26980452_NODE_18_length_111855_cov_36.790411	2023	SRR26980452	yes	111855	NODE_18_length_111855_cov_36.790411
2023_SRR23061419_NODE_8_length_111784_cov_12.492813	2023	SRR23061419	yes	111784	NODE_8_length_111784_cov_12.492813
2023_SRR27242049_NODE_13_length_111655_cov_11.502815	2023	SRR27242049	yes	111655	NODE_13_length_111655_cov_11.502815
2023_SRR23890740_NODE_13_length_111525_cov_6.522038	2023	SRR23890740	yes	111525	NODE_13_length_111525_cov_6.522038
2023_SRR23601504_NODE_14_length_111460_cov_36.143587	2023	SRR23601504	yes	111460	NODE_14_length_111460_cov_36.143587
2023_SRR25406509_NODE_11_length_111360_cov_30.026701	2023	SRR25406509	yes	111360	NODE_11_length_111360_cov_30.026701
2023_SRR24316111_NODE_21_length_111249_cov_14.015218	2023	SRR24316111	yes	111249	NODE_21_length_111249_cov_14.015218
2023_SRR24874982_NODE_3_length_111165_cov_11.390299	2023	SRR24874982	yes	111165	NODE_3_length_111165_cov_11.390299
2023_SRR24196170_NODE_17_length_110722_cov_16.475329	2023	SRR24196170	yes	110722	NODE_17_length_110722_cov_16.475329
2023_SRR23558674_NODE_14_length_110580_cov_63.917866	2023	SRR23558674	yes	110580	NODE_14_length_110580_cov_63.917866
2023_SRR26217385_NODE_17_length_110358_cov_7.871673	2023	SRR26217385	yes	110358	NODE_17_length_110358_cov_7.871673
2023_SRR26752582_NODE_15_length_110317_cov_38.507696	2023	SRR26752582	yes	110317	NODE_15_length_110317_cov_38.507696
2023_SRR23000007_NODE_16_length_110120_cov_34.500332	2023	SRR23000007	yes	110120	NODE_16_length_110120_cov_34.500332
2023_SRR25978990_NODE_18_length_109795_cov_24.630580	2023	SRR25978990	yes	109795	NODE_18_length_109795_cov_24.630580
2023_SRR26849454_NODE_18_length_109598_cov_35.020005	2023	SRR26849454	yes	109598	NODE_18_length_109598_cov_35.020005
2023_SRR23905936_NODE_16_length_109512_cov_94.897472	2023	SRR23905936	yes	109512	NODE_16_length_109512_cov_94.897472
2023_SRR26955361_NODE_15_length_109416_cov_18.228861	2023	SRR26955361	yes	109416	NODE_15_length_109416_cov_18.228861
2023_SRR23191216_NODE_15_length_109313_cov_23.713938	2023	SRR23191216	yes	109313	NODE_15_length_109313_cov_23.713938
2023_SRR25184333_NODE_15_length_108670_cov_28.358512	2023	SRR25184333	yes	108670	NODE_15_length_108670_cov_28.358512
2023_SRR24481504_NODE_18_length_107980_cov_6.106831	2023	SRR24481504	yes	107980	NODE_18_length_107980_cov_6.106831
2023_SRR23686995_NODE_12_length_107936_cov_43.471426	2023	SRR23686995	yes	107936	NODE_12_length_107936_cov_43.471426
2023_SRR25788437_NODE_19_length_107713_cov_48.077194	2023	SRR25788437	yes	107713	NODE_19_length_107713_cov_48.077194
2023_SRR26969855_NODE_17_length_107331_cov_5.541024	2023	SRR26969855	yes	107331	NODE_17_length_107331_cov_5.541024
2023_SRR26807346_NODE_14_length_107297_cov_25.302930	2023	SRR26807346	yes	107297	NODE_14_length_107297_cov_25.302930
2023_SRR23794784_NODE_18_length_109536_cov_84.544624_fragment_1	2023	SRR23794784	yes	107142	NODE_18_length_109536_cov_84.544624_fragment_1
2023_SRR26807357_NODE_19_length_105296_cov_11.378553	2023	SRR26807357	yes	105296	NODE_19_length_105296_cov_11.378553
2023_SRR23677037_NODE_15_length_113377_cov_14.010773_fragment_1	2023	SRR23677037	yes	104811	NODE_15_length_113377_cov_14.010773_fragment_1
2023_SRR25788695_NODE_11_length_119449_cov_128.769397_fragment_2	2023	SRR25788695	yes	99386	NODE_11_length_119449_cov_128.769397_fragment_2
2023_SRR23601508_NODE_15_length_106112_cov_50.059952_fragment_1	2023	SRR23601508	yes	99042	NODE_15_length_106112_cov_50.059952_fragment_1
2023_SRR23794784_NODE_20_length_97495_cov_83.196237	2023	SRR23794784	yes	97495	NODE_20_length_97495_cov_83.196237
2023_SRR24316111_NODE_22_length_96569_cov_11.643371	2023	SRR24316111	yes	96569	NODE_22_length_96569_cov_11.643371
2023_SRR23035076_NODE_15_length_96567_cov_5.108627	2023	SRR23035076	yes	96567	NODE_15_length_96567_cov_5.108627
2023_SRR24481504_NODE_21_length_94644_cov_5.056244	2023	SRR24481504	yes	94644	NODE_21_length_94644_cov_5.056244
2023_SRR23374644_NODE_19_length_94042_cov_39.273577	2023	SRR23374644	yes	94042	NODE_19_length_94042_cov_39.273577
2023_SRR24883460_NODE_16_length_88629_cov_13.970080	2023	SRR24883460	yes	88629	NODE_16_length_88629_cov_13.970080
2023_SRR23353010_NODE_23_length_86263_cov_38.833658	2023	SRR23353010	yes	86263	NODE_23_length_86263_cov_38.833658
2023_SRR23191216_NODE_23_length_84458_cov_16.996775	2023	SRR23191216	yes	84458	NODE_23_length_84458_cov_16.996775
2023_SRR24223998_NODE_23_length_83605_cov_31.781368	2023	SRR24223998	yes	83605	NODE_23_length_83605_cov_31.781368
2023_SRR24883459_NODE_26_length_73591_cov_16.316182	2023	SRR24883459	yes	73591	NODE_26_length_73591_cov_16.316182
2023_SRR24034336_NODE_21_length_71916_cov_6.582652	2023	SRR24034336	yes	71916	NODE_21_length_71916_cov_6.582652
2023_SRR24224033_NODE_23_length_71563_cov_13.852147	2023	SRR24224033	yes	71563	NODE_23_length_71563_cov_13.852147
2023_SRR26639446_NODE_22_length_68454_cov_8.304389	2023	SRR26639446	yes	68454	NODE_22_length_68454_cov_8.304389
2023_SRR24298963_NODE_25_length_67240_cov_11.055179	2023	SRR24298963	yes	67240	NODE_25_length_67240_cov_11.055179
2023_SRR23035077_NODE_25_length_67053_cov_10.074261	2023	SRR23035077	yes	67053	NODE_25_length_67053_cov_10.074261
2023_SRR26807357_NODE_2_length_414685_cov_11.930774_fragment_1	2023	SRR26807357	yes	65355	NODE_2_length_414685_cov_11.930774_fragment_1
2023_SRR25788437_NODE_30_length_64709_cov_54.449212	2023	SRR25788437	yes	64709	NODE_30_length_64709_cov_54.449212
2023_SRR24082548_NODE_24_length_63210_cov_6.206105	2023	SRR24082548	yes	63210	NODE_24_length_63210_cov_6.206105
2023_SRR23558682_NODE_8_length_235575_cov_38.701624_fragment_1	2023	SRR23558682	yes	61293	NODE_8_length_235575_cov_38.701624_fragment_1
2023_SRR23794777_NODE_7_length_194337_cov_456.071754_fragment_1	2023	SRR23794777	yes	60965	NODE_7_length_194337_cov_456.071754_fragment_1
2023_SRR24882990_NODE_21_length_96001_cov_48.445856_fragment_1	2023	SRR24882990	yes	60965	NODE_21_length_96001_cov_48.445856_fragment_1
2023_SRR23558682_NODE_15_length_111431_cov_74.000754_fragment_2	2023	SRR23558682	yes	60509	NODE_15_length_111431_cov_74.000754_fragment_2
2023_SRR23601504_NODE_2_length_682042_cov_29.227921_fragment_1	2023	SRR23601504	yes	59711	NODE_2_length_682042_cov_29.227921_fragment_1
2023_SRR26955361_NODE_3_length_396117_cov_35.326382_fragment_1	2023	SRR26955361	yes	58244	NODE_3_length_396117_cov_35.326382_fragment_1
2023_SRR26980449_NODE_25_length_56818_cov_45.403785	2023	SRR26980449	yes	56818	NODE_25_length_56818_cov_45.403785
2023_SRR26453414_NODE_6_length_202789_cov_52.772972_fragment_1	2023	SRR26453414	yes	56782	NODE_6_length_202789_cov_52.772972_fragment_1
2023_SRR26453414_NODE_30_length_56117_cov_24.448580	2023	SRR26453414	yes	56117	NODE_30_length_56117_cov_24.448580
2023_SRR24316110_NODE_24_length_55812_cov_8.687654	2023	SRR24316110	yes	55812	NODE_24_length_55812_cov_8.687654
2023_SRR23035077_NODE_2_length_539302_cov_20.904439_fragment_3	2023	SRR23035077	yes	54367	NODE_2_length_539302_cov_20.904439_fragment_3
2023_SRR26453229_NODE_3_length_213012_cov_18.887233_fragment_1	2023	SRR26453229	yes	54308	NODE_3_length_213012_cov_18.887233_fragment_1
2023_SRR26453414_NODE_31_length_53398_cov_23.813182	2023	SRR26453414	yes	53398	NODE_31_length_53398_cov_23.813182
2023_SRR26807346_NODE_5_length_291190_cov_30.378159_fragment_1	2023	SRR26807346	yes	53230	NODE_5_length_291190_cov_30.378159_fragment_1
2023_SRR24882990_NODE_27_length_78048_cov_22.353153_fragment_1	2023	SRR24882990	yes	52781	NODE_27_length_78048_cov_22.353153_fragment_1
2023_SRR23000007_NODE_1_length_394798_cov_35.459570_fragment_2	2023	SRR23000007	yes	52442	NODE_1_length_394798_cov_35.459570_fragment_2
2023_SRR23677037_NODE_14_length_125540_cov_29.407159_fragment_1	2023	SRR23677037	yes	50265	NODE_14_length_125540_cov_29.407159_fragment_1
2023_SRR26453229_NODE_35_length_49877_cov_4.458635	2023	SRR26453229	yes	49877	NODE_35_length_49877_cov_4.458635
2023_SRR24001362_NODE_21_length_49775_cov_33.161053	2023	SRR24001362	yes	49775	NODE_21_length_49775_cov_33.161053
2023_SRR24316110_NODE_28_length_49349_cov_8.663687	2023	SRR24316110	yes	49349	NODE_28_length_49349_cov_8.663687
2023_SRR23191216_NODE_29_length_58044_cov_31.933974_fragment_1	2023	SRR23191216	yes	48893	NODE_29_length_58044_cov_31.933974_fragment_1
2023_SRR23905936_NODE_26_length_61226_cov_68.424017_fragment_1	2023	SRR23905936	yes	48828	NODE_26_length_61226_cov_68.424017_fragment_1
2023_SRR26980449_NODE_28_length_48586_cov_44.503477	2023	SRR26980449	yes	48586	NODE_28_length_48586_cov_44.503477
2023_SRR23035077_NODE_2_length_539302_cov_20.904439_fragment_2	2023	SRR23035077	yes	47242	NODE_2_length_539302_cov_20.904439_fragment_2
2023_SRR26760705_NODE_25_length_85080_cov_26.834473_fragment_1	2023	SRR26760705	yes	47143	NODE_25_length_85080_cov_26.834473_fragment_1
2023_SRR24347440_NODE_24_length_85078_cov_27.237537_fragment_1	2023	SRR24347440	yes	47142	NODE_24_length_85078_cov_27.237537_fragment_1
2023_SRR25553989_NODE_7_length_284005_cov_20.139644_fragment_1	2023	SRR25553989	yes	46928	NODE_7_length_284005_cov_20.139644_fragment_1
2023_SRR23890740_NODE_6_length_469485_cov_17.659825_fragment_3	2023	SRR23890740	yes	46817	NODE_6_length_469485_cov_17.659825_fragment_3
2023_SRR23794777_NODE_28_length_68435_cov_183.486498_fragment_2	2023	SRR23794777	yes	46449	NODE_28_length_68435_cov_183.486498_fragment_2
2023_SRR23374644_NODE_1_length_351870_cov_36.274539_fragment_1	2023	SRR23374644	yes	46441	NODE_1_length_351870_cov_36.274539_fragment_1
2023_SRR23558682_NODE_3_length_464088_cov_35.868477_fragment_1	2023	SRR23558682	yes	45480	NODE_3_length_464088_cov_35.868477_fragment_1
2023_SRR24401747_NODE_1_length_569583_cov_30.053169_fragment_6	2023	SRR24401747	yes	45250	NODE_1_length_569583_cov_30.053169_fragment_6
2023_SRR25396836_NODE_30_length_65222_cov_26.191167_fragment_2	2023	SRR25396836	yes	45070	NODE_30_length_65222_cov_26.191167_fragment_2
2023_SRR26980452_NODE_4_length_334775_cov_26.983672_fragment_1	2023	SRR26980452	yes	45061	NODE_4_length_334775_cov_26.983672_fragment_1
2023_SRR27186957_NODE_3_length_542994_cov_19.397464_fragment_1	2023	SRR27186957	yes	44774	NODE_3_length_542994_cov_19.397464_fragment_1
2023_SRR23601504_NODE_3_length_441091_cov_27.846665_fragment_1	2023	SRR23601504	yes	44742	NODE_3_length_441091_cov_27.846665_fragment_1
2023_SRR23558682_NODE_15_length_111431_cov_74.000754_fragment_1	2023	SRR23558682	yes	44726	NODE_15_length_111431_cov_74.000754_fragment_1
2023_SRR24481504_NODE_1_length_462726_cov_21.922443_fragment_2	2023	SRR24481504	yes	44701	NODE_1_length_462726_cov_21.922443_fragment_2
2024_SRR28568741_NODE_10_length_204512_cov_17.932241_fragment_1	2024	SRR28568741	yes	148657	NODE_10_length_204512_cov_17.932241_fragment_1
2024_SRR31668033_NODE_6_length_219420_cov_22.154379_fragment_1	2024	SRR31668033	yes	124347	NODE_6_length_219420_cov_22.154379_fragment_1
2024_SRR31200028_NODE_2_length_640728_cov_7.882971_fragment_1	2024	SRR31200028	yes	121616	NODE_2_length_640728_cov_7.882971_fragment_1
2024_SRR28568664_NODE_1_length_786041_cov_47.544577_fragment_1	2024	SRR28568664	yes	120806	NODE_1_length_786041_cov_47.544577_fragment_1
2024_SRR28564711_NODE_11_length_133219_cov_24.863816_fragment_1	2024	SRR28564711	yes	115593	NODE_11_length_133219_cov_24.863816_fragment_1
2024_SRR29317435_NODE_15_length_114116_cov_11.092737	2024	SRR29317435	yes	114116	NODE_15_length_114116_cov_11.092737
2024_SRR29220782_NODE_15_length_114032_cov_9.559870	2024	SRR29220782	yes	114032	NODE_15_length_114032_cov_9.559870
2024_SRR28813868_NODE_18_length_112239_cov_28.151714	2024	SRR28813868	yes	112239	NODE_18_length_112239_cov_28.151714
2024_SRR31589774_NODE_15_length_112160_cov_24.066668	2024	SRR31589774	yes	112160	NODE_15_length_112160_cov_24.066668
2024_SRR30866489_NODE_13_length_112132_cov_24.202463	2024	SRR30866489	yes	112132	NODE_13_length_112132_cov_24.202463
2024_SRR30025890_NODE_21_length_112092_cov_22.999705	2024	SRR30025890	yes	112092	NODE_21_length_112092_cov_22.999705
2024_SRR28559362_NODE_16_length_112041_cov_15.780930	2024	SRR28559362	yes	112041	NODE_16_length_112041_cov_15.780930
2024_SRR28568640_NODE_13_length_111668_cov_15.865951	2024	SRR28568640	yes	111668	NODE_13_length_111668_cov_15.865951
2024_SRR28564752_NODE_16_length_111328_cov_18.390860	2024	SRR28564752	yes	111328	NODE_16_length_111328_cov_18.390860
2024_SRR30527324_NODE_18_length_110972_cov_7.204132	2024	SRR30527324	yes	110972	NODE_18_length_110972_cov_7.204132
2024_SRR30852370_NODE_16_length_110773_cov_10.998626	2024	SRR30852370	yes	110773	NODE_16_length_110773_cov_10.998626
2024_SRR31668342_NODE_18_length_110659_cov_25.551171	2024	SRR31668342	yes	110659	NODE_18_length_110659_cov_25.551171
2024_SRR31781786_NODE_11_length_110458_cov_201.530001	2024	SRR31781786	yes	110458	NODE_11_length_110458_cov_201.530001
2024_SRR28564788_NODE_16_length_110333_cov_29.306290	2024	SRR28564788	yes	110333	NODE_16_length_110333_cov_29.306290
2024_SRR27718787_NODE_17_length_110003_cov_7.641769	2024	SRR27718787	yes	110003	NODE_17_length_110003_cov_7.641769
2024_SRR28559375_NODE_15_length_109944_cov_11.468288	2024	SRR28559375	yes	109944	NODE_15_length_109944_cov_11.468288
2024_SRR31713814_NODE_16_length_109880_cov_18.946945	2024	SRR31713814	yes	109880	NODE_16_length_109880_cov_18.946945
2024_SRR28587192_NODE_18_length_109880_cov_28.765164	2024	SRR28587192	yes	109880	NODE_18_length_109880_cov_28.765164
2024_SRR28564731_NODE_19_length_109734_cov_17.849033	2024	SRR28564731	yes	109734	NODE_19_length_109734_cov_17.849033
2024_SRR31857649_NODE_15_length_109670_cov_63.696696	2024	SRR31857649	yes	109670	NODE_15_length_109670_cov_63.696696
2024_SRR30905178_NODE_12_length_109592_cov_11.664943	2024	SRR30905178	yes	109592	NODE_12_length_109592_cov_11.664943
2024_SRR30276941_NODE_19_length_109528_cov_19.154992	2024	SRR30276941	yes	109528	NODE_19_length_109528_cov_19.154992
2024_SRR31857656_NODE_20_length_109515_cov_72.064283	2024	SRR31857656	yes	109515	NODE_20_length_109515_cov_72.064283
2024_SRR28564726_NODE_20_length_109407_cov_13.884682	2024	SRR28564726	yes	109407	NODE_20_length_109407_cov_13.884682
2024_SRR29742088_NODE_18_length_109259_cov_86.484604	2024	SRR29742088	yes	109259	NODE_18_length_109259_cov_86.484604
2024_SRR28564754_NODE_18_length_109175_cov_6.430985	2024	SRR28564754	yes	109175	NODE_18_length_109175_cov_6.430985
2024_SRR30274762_NODE_10_length_109079_cov_18.451680	2024	SRR30274762	yes	109079	NODE_10_length_109079_cov_18.451680
2024_SRR27683422_NODE_18_length_109078_cov_17.003589	2024	SRR27683422	yes	109078	NODE_18_length_109078_cov_17.003589
2024_SRR28790831_NODE_16_length_109032_cov_55.265387	2024	SRR28790831	yes	109032	NODE_16_length_109032_cov_55.265387
2024_SRR28790824_NODE_19_length_108954_cov_80.880039	2024	SRR28790824	yes	108954	NODE_19_length_108954_cov_80.880039
2024_SRR28564606_NODE_13_length_108953_cov_17.271737	2024	SRR28564606	yes	108953	NODE_13_length_108953_cov_17.271737
2024_SRR28769299_NODE_17_length_108882_cov_6.463372	2024	SRR28769299	yes	108882	NODE_17_length_108882_cov_6.463372
2024_SRR27506760_NODE_14_length_111179_cov_26.341984_fragment_1	2024	SRR27506760	yes	108715	NODE_14_length_111179_cov_26.341984_fragment_1
2024_SRR28587288_NODE_16_length_108690_cov_17.776572	2024	SRR28587288	yes	108690	NODE_16_length_108690_cov_17.776572
2024_SRR31175033_NODE_14_length_108437_cov_16.470908	2024	SRR31175033	yes	108437	NODE_14_length_108437_cov_16.470908
2024_SRR28204944_NODE_16_length_107999_cov_39.920100	2024	SRR28204944	yes	107999	NODE_16_length_107999_cov_39.920100
2024_SRR28409152_NODE_15_length_107625_cov_40.809810	2024	SRR28409152	yes	107625	NODE_15_length_107625_cov_40.809810
2024_SRR29533399_NODE_18_length_107140_cov_6.868511	2024	SRR29533399	yes	107140	NODE_18_length_107140_cov_6.868511
2024_SRR28564645_NODE_19_length_106992_cov_18.108324	2024	SRR28564645	yes	106992	NODE_19_length_106992_cov_18.108324
2024_SRR31221272_NODE_20_length_106871_cov_31.486319	2024	SRR31221272	yes	106871	NODE_20_length_106871_cov_31.486319
2024_SRR30210875_NODE_1_length_106762_cov_26.617518	2024	SRR30210875	yes	106762	NODE_1_length_106762_cov_26.617518
2024_SRR28276900_NODE_19_length_106732_cov_218.191533	2024	SRR28276900	yes	106732	NODE_19_length_106732_cov_218.191533
2024_SRR31857637_NODE_18_length_106514_cov_163.005675	2024	SRR31857637	yes	106514	NODE_18_length_106514_cov_163.005675
2024_SRR29743668_NODE_11_length_106267_cov_109.042951	2024	SRR29743668	yes	106267	NODE_11_length_106267_cov_109.042951
2024_SRR28564740_NODE_20_length_105297_cov_11.421679	2024	SRR28564740	yes	105297	NODE_20_length_105297_cov_11.421679
2024_SRR30519685_NODE_18_length_105247_cov_28.576522	2024	SRR30519685	yes	105247	NODE_18_length_105247_cov_28.576522
2024_SRR27506768_NODE_17_length_105527_cov_12.747543_fragment_1	2024	SRR27506768	yes	103737	NODE_17_length_105527_cov_12.747543_fragment_1
2024_SRR31668392_NODE_16_length_103045_cov_35.053363	2024	SRR31668392	yes	103045	NODE_16_length_103045_cov_35.053363
2024_SRR29318345_NODE_17_length_102029_cov_12.216954	2024	SRR29318345	yes	102029	NODE_17_length_102029_cov_12.216954
2024_SRR31810024_NODE_16_length_101831_cov_42.527344	2024	SRR31810024	yes	101831	NODE_16_length_101831_cov_42.527344
2024_SRR28248536_NODE_18_length_99321_cov_76.702330	2024	SRR28248536	yes	99321	NODE_18_length_99321_cov_76.702330
2024_SRR29234661_NODE_14_length_98248_cov_13.552644	2024	SRR29234661	yes	98248	NODE_14_length_98248_cov_13.552644
2024_SRR29644562_NODE_18_length_97667_cov_25.602850	2024	SRR29644562	yes	97667	NODE_18_length_97667_cov_25.602850
2024_SRR28564611_NODE_23_length_97477_cov_15.449574	2024	SRR28564611	yes	97477	NODE_23_length_97477_cov_15.449574
2024_SRR27683422_NODE_19_length_95635_cov_20.701847	2024	SRR27683422	yes	95635	NODE_19_length_95635_cov_20.701847
2024_SRR30041521_NODE_21_length_93414_cov_19.827678	2024	SRR30041521	yes	93414	NODE_21_length_93414_cov_19.827678
2024_SRR31175033_NODE_16_length_93268_cov_14.459808	2024	SRR31175033	yes	93268	NODE_16_length_93268_cov_14.459808
2024_SRR28790831_NODE_19_length_91954_cov_63.173326	2024	SRR28790831	yes	91954	NODE_19_length_91954_cov_63.173326
2024_SRR28568640_NODE_15_length_91696_cov_16.014328	2024	SRR28568640	yes	91696	NODE_15_length_91696_cov_16.014328
2024_SRR31200028_NODE_20_length_91340_cov_10.256051	2024	SRR31200028	yes	91340	NODE_20_length_91340_cov_10.256051
2024_SRR29318345_NODE_23_length_87867_cov_10.336608	2024	SRR29318345	yes	87867	NODE_23_length_87867_cov_10.336608
2024_SRR31680693_NODE_24_length_83893_cov_18.406263	2024	SRR31680693	yes	83893	NODE_24_length_83893_cov_18.406263
2024_SRR28587288_NODE_22_length_81928_cov_19.859635	2024	SRR28587288	yes	81928	NODE_22_length_81928_cov_19.859635
2024_SRR28048226_NODE_2_length_275713_cov_5.051269_fragment_1	2024	SRR28048226	yes	75837	NODE_2_length_275713_cov_5.051269_fragment_1
2024_SRR28032546_NODE_16_length_72782_cov_11.513660	2024	SRR28032546	yes	72782	NODE_16_length_72782_cov_11.513660
2024_SRR31221272_NODE_29_length_70541_cov_32.264092	2024	SRR31221272	yes	70541	NODE_29_length_70541_cov_32.264092
2024_SRR29400060_NODE_28_length_69255_cov_82.233629	2024	SRR29400060	yes	69255	NODE_28_length_69255_cov_82.233629
2024_SRR28790819_NODE_26_length_68900_cov_4.967749	2024	SRR28790819	yes	68900	NODE_26_length_68900_cov_4.967749
2024_SRR27408791_NODE_1_length_779069_cov_23.196137_fragment_2	2024	SRR27408791	yes	68620	NODE_1_length_779069_cov_23.196137_fragment_2
2024_SRR28564752_NODE_30_length_66943_cov_14.064984	2024	SRR28564752	yes	66943	NODE_30_length_66943_cov_14.064984
2024_SRR28475327_NODE_23_length_65270_cov_5.728897	2024	SRR28475327	yes	65270	NODE_23_length_65270_cov_5.728897
2024_SRR29742098_NODE_30_length_64064_cov_134.148718	2024	SRR29742098	yes	64064	NODE_30_length_64064_cov_134.148718
2024_SRR28568595_NODE_17_length_113672_cov_18.836858_fragment_2	2024	SRR28568595	yes	63894	NODE_17_length_113672_cov_18.836858_fragment_2
2024_SRR31200028_NODE_2_length_640728_cov_7.882971_fragment_2	2024	SRR31200028	yes	62486	NODE_2_length_640728_cov_7.882971_fragment_2
2024_SRR27506742_NODE_25_length_61312_cov_8.531428	2024	SRR27506742	yes	61312	NODE_25_length_61312_cov_8.531428
2024_SRR29533399_NODE_1_length_553460_cov_26.914639_fragment_2	2024	SRR29533399	yes	59775	NODE_1_length_553460_cov_26.914639_fragment_2
2024_SRR28559315_NODE_14_length_135208_cov_14.892635_fragment_1	2024	SRR28559315	yes	59221	NODE_14_length_135208_cov_14.892635_fragment_1
2024_SRR31282789_NODE_32_length_58267_cov_22.041692	2024	SRR31282789	yes	58267	NODE_32_length_58267_cov_22.041692
2024_SRR28559315_NODE_20_length_81747_cov_14.354815_fragment_1	2024	SRR28559315	yes	58183	NODE_20_length_81747_cov_14.354815_fragment_1
2024_SRR28559362_NODE_15_length_134012_cov_31.601143_fragment_1	2024	SRR28559362	yes	58025	NODE_15_length_134012_cov_31.601143_fragment_1
2024_SRR29742098_NODE_10_length_144155_cov_302.137904_fragment_1	2024	SRR29742098	yes	57467	NODE_10_length_144155_cov_302.137904_fragment_1
2024_SRR27988805_NODE_25_length_57390_cov_21.450448	2024	SRR27988805	yes	57390	NODE_25_length_57390_cov_21.450448
2024_SRR28860562_NODE_27_length_57122_cov_17.128625	2024	SRR28860562	yes	57122	NODE_27_length_57122_cov_17.128625
2024_SRR28204944_NODE_12_length_136985_cov_46.159501_fragment_1	2024	SRR28204944	yes	55392	NODE_12_length_136985_cov_46.159501_fragment_1
2024_SRR27506760_NODE_2_length_524512_cov_26.851708_fragment_3	2024	SRR27506760	yes	54711	NODE_2_length_524512_cov_26.851708_fragment_3
2024_SRR28564740_NODE_31_length_53782_cov_10.084466	2024	SRR28564740	yes	53782	NODE_31_length_53782_cov_10.084466
2024_SRR28032546_NODE_18_length_53273_cov_20.512870	2024	SRR28032546	yes	53273	NODE_18_length_53273_cov_20.512870
2024_SRR28813876_NODE_24_length_52939_cov_41.571291	2024	SRR28813876	yes	52939	NODE_24_length_52939_cov_41.571291
2024_SRR28587288_NODE_2_length_212405_cov_17.331772_fragment_1	2024	SRR28587288	yes	52410	NODE_2_length_212405_cov_17.331772_fragment_1
2024_SRR28475426_NODE_31_length_51849_cov_3.668740	2024	SRR28475426	yes	51849	NODE_31_length_51849_cov_3.668740
2024_SRR28559315_NODE_27_length_51441_cov_12.284406	2024	SRR28559315	yes	51441	NODE_27_length_51441_cov_12.284406
2024_SRR28860562_NODE_14_length_115423_cov_17.765256_fragment_1	2024	SRR28860562	yes	50039	NODE_14_length_115423_cov_17.765256_fragment_1
2024_SRR31668342_NODE_5_length_306585_cov_23.698105_fragment_1	2024	SRR31668342	yes	49595	NODE_5_length_306585_cov_23.698105_fragment_1
2024_SRR31781788_NODE_33_length_49483_cov_31.038963	2024	SRR31781788	yes	49483	NODE_33_length_49483_cov_31.038963
2024_SRR31556355_NODE_34_length_49322_cov_19.880008	2024	SRR31556355	yes	49322	NODE_34_length_49322_cov_19.880008
